<?xml version="1.0"?>
<!--
/**
 * WebShopApps
 *
 * NOTICE OF LICENSE
 *
 * This source file is subject to the Open Software License (OSL 3.0)
 * that is bundled with this package in the file LICENSE.txt.
 * It is also available through the world-wide-web at this URL:
 * http://opensource.org/licenses/osl-3.0.php
 * If you did not receive a copy of the license and are unable to
 * obtain it through the world-wide-web, please send an email
 * to license@magentocommerce.com so we can send you a copy immediately.
 *
 * DISCLAIMER
 *
 * Do not edit or add to this file if you wish to upgrade Magento to newer
 * versions in the future. If you wish to customize Magento for your
 * needs please refer to http://www.magentocommerce.com for more information.
 *
 * WebShopApps MatrixRate
 *
 * @category WebShopApps
 * @package WebShopApps_MatrixRate
 * @copyright Copyright (c) 2014 Zowta LLC (http://www.WebShopApps.com)
 * @license http://opensource.org/licenses/osl-3.0.php Open Software License (OSL 3.0)
 * @author WebShopApps Team sales@webshopapps.com
 *
 */
/**
 * Copyright © 2015 Magento. All rights reserved.
 * See COPYING.txt for license details.
 */
-->
<config xmlns:xsi="http://www.w3.org/2001/XMLSchema-instance" xsi:noNamespaceSchemaLocation="../../../../Magento/Config/etc/system_file.xsd">
    <system>
        <section id="carriers">
            <group id="matrixrate" translate="label" type="text" sortOrder="3" showInDefault="1" showInWebsite="1" showInStore="1">
                <label>WebShopApps Matrix Rate</label>
                <comment>
                    <![CDATA[
				<div style="padding:10px;background-color:#fff;border:1px solid #ddd;margin-bottom:7px;">
				This module was developed by <a href="http://www.webshopapps.com" target="_blank">www.WebShopApps.com</a> - <b>Magento Shipping Extension Specialists</b>.
				<br/>For docs & examples refer to the WebShopApps <a href="http://support.webshopapps.com/matrixrate/">knowledge base</a>.
				</div>
			  ]]>
                </comment>
                <field id="active" translate="label" type="select" sortOrder="1" showInDefault="1" showInWebsite="1" showInStore="0">
                    <label>Enabled</label>
                    <source_model>Magento\Config\Model\Config\Source\Yesno</source_model>
                </field>
                <field id="title" translate="label" type="text" sortOrder="2" showInDefault="1" showInWebsite="1" showInStore="1">
                    <label>Title</label>
                </field>
                <field id="condition_name" translate="label" type="select" sortOrder="4" showInDefault="1" showInWebsite="1" showInStore="0">
                    <label>Condition</label>
                    <source_model>WebShopApps\MatrixRate\Model\Config\Source\Matrixrate</source_model>
                </field>
                <field id="include_virtual_price" translate="label" type="select" sortOrder="5" showInDefault="1" showInWebsite="1" showInStore="0">
                    <label>Include Virtual Products in Price Calculation</label>
                    <source_model>Magento\Config\Model\Config\Source\Yesno</source_model>
                </field>
                <field id="export" translate="label" type="WebShopApps\MatrixRate\Block\Adminhtml\Form\Field\Export" sortOrder="5" showInDefault="0" showInWebsite="1" showInStore="0">
                    <label>Export</label>
                </field>
                <field id="import" translate="label" type="WebShopApps\MatrixRate\Block\Adminhtml\Form\Field\Import" sortOrder="6" showInDefault="0" showInWebsite="1" showInStore="0">
                    <label>Import</label>
                    <backend_model>WebShopApps\MatrixRate\Model\Config\Backend\Matrixrate</backend_model>
                </field>


                <field id="handling_type" translate="label" type="select" sortOrder="7" showInDefault="1" showInWebsite="1" showInStore="0">
                    <label>Calculate Handling Fee</label>
                    <source_model>Magento\Shipping\Model\Source\HandlingType</source_model>
                </field>
                <field id="handling_fee" translate="label" type="text" sortOrder="8" showInDefault="1" showInWebsite="1" showInStore="0">
                    <label>Handling Fee</label>
                    <validate>validate-number validate-zero-or-greater</validate>
                </field>

                <field id="sallowspecific" translate="label" type="select" sortOrder="90" showInDefault="1" showInWebsite="1" showInStore="0">
                    <label>Ship to Applicable Countries</label>
                    <frontend_class>shipping-applicable-country</frontend_class>
                    <source_model>Magento\Shipping\Model\Config\Source\Allspecificcountries</source_model>
                </field>
                <field id="specificcountry" translate="label" type="multiselect" sortOrder="91" showInDefault="1" showInWebsite="1" showInStore="0">
                    <label>Ship to Specific Countries</label>
                    <source_model>Magento\Directory\Model\Config\Source\Country</source_model>
                    <can_be_empty>1</can_be_empty>
                </field>
                <field id="showmethod" translate="label" type="select" sortOrder="92" showInDefault="1" showInWebsite="1" showInStore="0">
                    <label>Show Method if Not Applicable</label>
                    <frontend_class>shipping-skip-hide</frontend_class>
                    <source_model>Magento\Config\Model\Config\Source\Yesno</source_model>
                </field>
                <field id="specificerrmsg" translate="label" type="textarea" sortOrder="80" showInDefault="1" showInWebsite="1" showInStore="1">
                    <label>Displayed Error Message</label>
                </field>

                <field id="sort_order" translate="label" type="text" sortOrder="100" showInDefault="1" showInWebsite="1" showInStore="0">
                    <label>Sort Order</label>
                </field>

            </group>
        </section>
    </system>
</config>
